[
  { "state": "Arizona", "cities": ["Phoenix", "Tucson", "Mesa"] },
  { "state": "California", "cities": ["Los Angeles", "San Francisco", "San Diego"] },
  { "state": "Colorado", "cities": ["Denver", "Colorado Springs", "Aurora"] },
  { "state": "Florida", "cities": ["Miami", "Orlando", "Tampa"] },
  { "state": "Georgia", "cities": ["Atlanta", "Savannah", "Augusta"] },
  { "state": "Illinois", "cities": ["Chicago", "Springfield", "Naperville"] },
  { "state": "Kansas", "cities": ["Wichita", "Overland Park", "Kansas City"] },
  { "state": "Massachusetts", "cities": ["Boston", "Worcester", "Springfield"] },
  { "state": "New York", "cities": ["New York City", "Buffalo", "Rochester"] },
  { "state": "North Carolina", "cities": ["Charlotte", "Raleigh", "Greensboro"] },
  { "state": "Oregon", "cities": ["Portland", "Salem", "Eugene"] },
  { "state": "Pennsylvania", "cities": ["Philadelphia", "Pittsburgh", "Harrisburg"] },
  { "state": "South Carolina", "cities": ["Charleston", "Columbia", "North Charleston"] },
  { "state": "Texas", "cities": ["Houston", "Dallas", "Austin"] },
  { "state": "Washington", "cities": ["Seattle", "Spokane", "Tacoma"] }
]